\c exim

INSERT into CUSTOMER values
(657920973,  '7683-423-979',	'Bechtelar, Kunze and Pfannerstill'),
(234167712,  '3297-176-696',	'Kerluke LLC,'),
(713169682,  '6537-878-708',	'West, Daniel and OKon'),
(351651817,  '3079-017-590',	'Lang, Murray and Rowe'),
(473054596,  '7327-124-822',	'FeilMorissette'),
(157674635,  '6478-942-453',	'Bechtelar, Kunze and Pfannerstill'),
(517463864,  '9002-962-724',	'Parisian and Sons'),
(978707563,  '6117-145-448',	'Harber Huels'),
(759107745,  '9245-129-484',	'Berge, Marvin and Kuhic'),
(888087164,  '5331-122-480',	'Baumbach Stamm');


INSERT into CUST_ADDRESS values
('22 Anderson Lane',     657920973),
('3 Carey Point',        234167712),
('3 Erie Lane',          713169682),
('8745 Oakridge Point',  351651817),
('67348 Debra Lane',     473054596),
('71081 Reindahl Street', 157674635),
('9365 Reindahl Plaza',   517463864),
('49730 Nevada Parkway',  978707563),
('83 Vahlen Alley',       759107745),
('8023 Crownhardt Crossing', 888087164);


INSERT into PRODUCT values
(2963491,	1242.79,	82716, 'tea',       657920973),
(5787364,	1550.65,	62279, 'wine',      234167712),
(5717729,	667.86,	        52692, 'coffee',    713169682),
(9868616,	1775.35,	50451, 'apricots',  351651817),
(9605841,	640.11,	        71272, 'plastics',  473054596),
(9473633,      1627.14,	        75625, 'iron',      473054596),
(2004109,      1991.52,	        76463, 'coal',      888087164),
(7179741,      8472.6, 	        73648, 'fertilizers',  978707563),
(3721480,      5925.1,  	63527,  'sugar',    517463864),
(7386846,      6601.0,	        83639,  'steel',    713169682);


INSERT into INVOICE values
(58-5846567, 'tea',         795.42, '21-03-2020', 473054596),
(98-9586249, 'coffee',      943.85, '9-06-2021',  351651817),
(43-8551831, 'plastics',    370.88, '05-12-2021', 157674635),
(56-5283383, 'iron',        181.39, '05-12-2021', 978707563),
(38-5785031, 'coal',        146.38, '3-2-2020',   713169682),
(09-1591455, 'fertilizers', 135.26, '5-3-2021',   351651817),
(84-3874480, 'sugar',       212.08, '01-03-2020', 888087164 ),
(97-8074704, 'fertilizers', 697.57, '09-06-2021', 473054596),
(23-4038889, 'sugar',       109.18, '12-11-2020', 978707563),
(82-8850684, 'steel',       384.75, '05-12-2021', 157674635),
(10-4249942, 'steel',       773.34, '6-4-2021',   888087164),
(01-5633569, 'wine', 	     665.4,  '27-6-2020',  978707563);


INSERT into IMPORT values
(717974143,	'tea',     56275,	14.31,  58-5846567),
(372148000,	'plastics', 66320,	19.1,   43-8551831),
(738684659,	'sugar',    89279,	19.63,  84-3874480),
(194141809,	'steel',    84726,	14.46,  82-8850684),
(765673488,	'steel',    70775,	11.91,  10-4249942),
(752146698,	'iron',     87658,     12.44,  56-5283383);


INSERT into IMPORT_MANAGER values
(111876415, 717974143),
(336796267, 194141809),
(155134721, 752146698),
(805712736, 752146698),
(618610521, 765673488);


INSERT into EXPORT values
(704657539,	'7-5-2020',  'Chile',       'coffee',        98-9586249),
(331068829,	'08-05-2021',  'Portugal',  'wine',        01-5633569),
(251107143,	'5-8-2021',   'Russia',     'sugar',        23-4038889),
(736980209,	'7-5-2020',   'Canada',     'fertilizers',  97-8074704),
(713037913,	'7-2-2021',   'Brazil',     'coal',         38-5785031),
(594848512,	'12-3-2020',  'Mauritius',  'fertilizers',  09-1591455);


INSERT into INVENTORY values
(605785974,	30570, 'wine',         'Finished',   5787364),    
(193836229,	24779, 'apricots',     'Raw',        9868616),
(776011411,	55153, 'plastics',     'Component', 9605841),
(477564242,	10013, 'iron',         'MRO',        9473633),   
(604865204,	38684, 'coal',         'Raw',        2004109), 
(647304848,	22543, 'coffee',       'Raw',        5717729),
(116035544,	83640, 'fertilizers',  'Finished',   7179741), 
(459685411,	8296,  'sugar',        'MRO',        3721480),
(831704362,	27549, 'tea',          'Raw',        2963491), 
(876144411,	81317, 'fertilizers',  'Component',  7179741), 
(662321948,	24601, 'steel',        'Packaging',  7386846);

INSERT into PAYMENTS values
(657809349	,25811.66,  'Clean',   657920973),
(826793957	,5907.82,   'PIK', 713169682),
(347399159	,52456.99,  'LoC', 234167712),
(339822370	,28371.53,  'Clean', 234167712),
(616055018	,30457.13,  'LoC', 713169682),
(118258560	,51944.84,  'Loc', 657920973),
(346495268	,6743.29,   'Clean', 888087164),
(970660803	,53370.54,  'PIK', 517463864);


INSERT into SUPPLIER values
(225878343,'Sub Contractor', 713169682),
(310235326,'Sub Contractor', 657920973),
(515383789,'Manufacturer',   517463864),
(313141888,'Dealer',         657920973),
(431862030,'Distributer',    888087164),
(689505691,'Sub Contractor', 888087164),
(952349815,'Dealer',         517463864),
(866057466,'Manufacturer',   234167712),
(119611419,'Sub Contractor', 888087164);


INSERT into PROVIDES values 
(225878343, 2963491),
(225878343, 9605841),
(689505691, 9868616),
(310235326, 7179741),
(431862030, 3721480),
(310235326, 9473633),
(866057466, 2004109);


INSERT into SHIPPING values
(556038440	,'Train',	'Ordered'	,'China',	        '10-2-2021', 2963491),
(215580326	,'Ship',	'Dispatched'	,'Norway',	        '10-03-2018', 5787364),
(281423853	,'Ship',	'Delivered'	,'Dominican Republic',	'02-09-2020', 5717729),
(365813551	,'Ship',	'Dispatched'	,'Sweden',	        '12-2-2020', 9868616),
(526632620	,'Air',	'Ordered'	,'Indonesia',	        '3-9-2018', 7179741),
(891205245	,'Intermodal',	'Dispatched'	,'Belarus',	        '7-7-2020', 2004109),
(369987690	,'Train',	'Delivered'	,'Mexico', 	        '2-6-2021', 9473633);



